ciad,codigoOACI,airport_name,state,city,altitude,latgeopoint,longeopoint,latitude,longitude
AC0001,SBRB,Plácido de Castro,Acre,RIO BRANCO,193.0,-9.8683333,-67.898056,"09°52'06""S","067°53'53""W"
AM0006,SWPI,Parintins,Amazonas,PARINTINS,25.0,-2.6736111,-56.7775,"02°40'25""S","056°46'39""W"
AP0001,SBMQ,Alberto Alcolumbre,Amapá,MACAPÁ,17.0,0.050555556,-51.072222,"00°03'02""N","051°04'20""W"
BA0005,SBVC,Glauber de Andrade Rocha,Bahia,VITÓRIA DA CONQUISTA,894.0,-14.907778,-40.914722,"14°54'28""S","040°54'53""W"
BA0006,SBLE,HORÁCIO DE MATTOS,Bahia,LENÇÓIS,506.0,-12.482222,-41.276944,"12°28'56""S","041°16'37""W"
BA0008,SNVB,Valença,Bahia,VALENÇA,5.0,-13.296389,-38.9925,"13°17'47""S","038°59'33""W"
BA0009,SNGI,Aeródromo de Guanambi,Bahia,GUANAMBI,553.0,-14.208056,-42.746111,"14°12'29""S","042°44'46""W"
BA0016,SNTF,Teixeira de Freitas,Bahia,TEIXEIRA DE FREITAS,105.0,-17.524444,-39.668333,"17°31'28""S","039°40'06""W"
BA0019,SNIC,Irecê,Bahia,IRECÊ,784.0,-11.34,-41.846944,"11°20'24""S","041°50'49""W"
CE0001,SBFZ,Pinto Martins,Ceará,FORTALEZA,25.0,-3.7758333,-38.532222,"03°46'33""S","038°31'56""W"
CE0004,SBAC,Aeroporto Regional de Canoa Quebrada Dragão do Mar,Ceará,ARACATI,36.0,-4.5686111,-37.804722,"04°34'07""S","037°48'17""W"
ES0001,SBVT,Eurico de Aguiar Salles,Espírito Santo,VITÓRIA,3.0,-20.258056,-40.286389,"20°15'29""S","040°17'11""W"
ES0007,SNGA,Guarapari,Espírito Santo,GUARAPARI,9.0,-20.646389,-40.491667,"20°38'47""S","040°29'30""W"
MA0001,SBSL,MARECHAL CUNHA MACHADO,Maranhão,SÃO LUÍS,54.0,-2.5869444,-44.236111,"02°35'13""S","044°14'10""W"
MT0002,SBSI,Presidente João Batista Figueiredo,Mato Grosso,SINOP,374.0,-11.885,-55.586111,"11°53'06""S","055°35'10""W"
PA0004,SBMA,João Corrêa da Rocha,Pará,MARABÁ,109.0,-5.3680556,-49.138056,"05°22'05""S","049°08'17""W"
PB0003,SBKG,Presidente João Suassuna,Paraíba,CAMPINA GRANDE,502.0,-7.2691667,-35.895,"07°16'09""S","035°53'42""W"
MA0002,SBIZ,Prefeito Renato Moreira,,,132.0,-5.5305556,-47.458333,"05°31'50""S","047°27'30""W"
MG0004,SBMK,Mário Ribeiro,Minas Gerais,MONTES CLAROS,668.0,-16.706111,-43.821944,"16°42'22""S","043°49'19""W"
MG0008,SBAX,Romeu Zema,Minas Gerais,ARAXÁ,998.0,-19.563056,-46.960556,"19°33'47""S","046°57'38""W"
MG0014,SNYU,ITURAMA,Minas Gerais,ITURAMA,475.0,-19.717222,-50.220278,"19°43'02""S","050°13'13""W"
MG0018,SBPC,Embaixador Walther Moreira Salles,Minas Gerais,POÇOS DE CALDAS,1261.0,-21.8425,-46.569444,"21°50'33""S","046°34'10""W"
MG0019,SBVG,Major Brigadeiro Trompowsky,Minas Gerais,VARGINHA,922.0,-21.588889,-45.473333,"21°35'20""S","045°28'24""W"
MG0024,SNOS,Municipal José Figueiredo,Minas Gerais,PASSOS,822.0,-20.731944,-46.661944,"20°43'55""S","046°39'43""W"
MG0032,SBGV,Coronel Altino Machado,Minas Gerais,GOVERNADOR VALADARES,171.0,-18.896111,-41.983333,"18°53'46""S","041°59'00""W"
MS0005,SBPP,Ponta Porã,Mato Grosso do Sul,PONTA PORÃ,657.0,-22.549722,-55.703056,"22°32'59""S","055°42'11""W"
MS0007,SSCD,Chapadão do Sul,Mato Grosso do Sul,CHAPADÃO DO SUL,818.0,-18.839167,-52.488056,"18°50'21""S","052°29'17""W"
MS0008,SBDO,Dourados,Mato Grosso do Sul,DOURADOS,458.0,-22.200556,-54.925556,"22°12'02""S","054°55'32""W"
MT0008,SBBW,Barra do Garças,Mato Grosso,BARRA DO GARÇAS,350.0,-15.861389,-52.388889,"15°51'41""S","052°23'20""W"
PA0001,SBBE,INTERNACIONAL DE BELÉM/VAL DE CANS/JÚLIO CEZAR RIBEIRO,Pará,BELÉM,17.0,-1.3847222,-48.478889,"01°23'05""S","048°28'44""W"
PB0005,SNTS,BRIGADEIRO FIRMINO AYRES,Paraíba,PATOS,265.0,-7.0377778,-37.2575,"07°02'16""S","037°15'27""W"
PR0008,SBTD,Luiz Dalcanale Filho,Paraná,TOLEDO,562.0,-24.685278,-53.696389,"24°41'07""S","053°41'47""W"
BA0011,SNBR,Dom Ricardo Weberberger,Bahia,BARREIRAS,747.0,-12.079167,-45.009444,"12°04'45""S","045°00'34""W"
PA0003,SBHT,Altamira,Pará,ALTAMIRA,112.0,-3.2508333,-52.252222,"03°15'03""S","052°15'08""W"
PA0006,SBCJ,Carajás,Pará,PARAUAPEBAS,629.0,-6.1177778,-50.003333,"06°07'04""S","050°00'12""W"
PA0021,SDOW,Ourilândia do Norte,Pará,OURILÂNDIA DO NORTE,229.0,-6.7630556,-51.05,"06°45'47""S","051°03'00""W"
PB0004,SJZA,Pedro Vieira Moreira,Paraíba,CAJAZEIRAS,335.0,-6.8827778,-38.615833,"06°52'58""S","038°36'57""W"
PE0007,SNAE,Arcoverde,Pernambuco,ARCOVERDE,648.0,-8.4077778,-37.088333,"08°24'28""S","037°05'18""W"
PR0003,SBLO,Governador José Richa,Paraná,LONDRINA,569.0,-23.330278,-51.136667,"23°19'49""S","051°08'12""W"
PR0009,SSGG,Aeroporto Regional de Guarapuava - Tancredo Thomás de Faria,Paraná,GUARAPUAVA,1065.0,-25.388333,-51.523611,"25°23'18""S","051°31'25""W"
PR0018,SBPO,AEROPORTO REGIONAL DE PATO BRANCO - PROFESSOR JUVENAL LOUREIRO CARDOSO,Paraná,PATO BRANCO,823.0,-26.217222,-52.694444,"26°13'02""S","052°41'40""W"
PR0019,SSUM,Orlando de Carvalho,Paraná,UMUARAMA,473.0,-23.799167,-53.313889,"23°47'57""S","053°18'50""W"
PR0021,SSFB,Paulo Abdala,Paraná,FRANCISCO BELTRÃO,644.0,-26.058889,-53.063333,"26°03'32""S","053°03'48""W"
PR0027,SSOG,Arapongas,Paraná,ARAPONGAS,794.0,-23.352778,-51.491667,"23°21'10""S","051°29'30""W"
RJ0002,SBRJ,Santos Dumont,Rio de Janeiro,RIO DE JANEIRO,3.0,-22.91,-43.1625,"22°54'36""S","043°09'45""W"
GO0033,SWME,Mineiros,Goiás,MINEIROS,843.0,-17.551389,-52.556667,"17°33'05""S","052°33'24""W"
RJ0003,SBCB,Cabo Frio,Rio de Janeiro,CABO FRIO,7.0,-22.920833,-42.071389,"22°55'15""S","042°04'17""W"
RJ0005,SBJR,Jacarepaguá - Roberto Marinho,Rio de Janeiro,RIO DE JANEIRO,3.0,-22.9875,-43.37,"22°59'15""S","043°22'12""W"
RJ0006,SBCP,Bartolomeu Lisandro,Rio de Janeiro,CAMPOS DOS GOYTACAZES,18.0,-21.701111,-41.307778,"21°42'04""S","041°18'28""W"
RO0009,SWPM,Pimenta Bueno,Rondônia,PIMENTA BUENO,208.0,-11.641389,-61.178889,"11°38'29""S","061°10'44""W"
RS0005,SBPK,Aeroporto Internacional de Pelotas/RS - João Simões Lopes Neto,Rio Grande do Sul,PELOTAS,18.0,-31.716111,-52.331111,"31°42'58""S","052°19'52""W"
RS0007,SBCX,Hugo Cantergiani,Rio Grande do Sul,CAXIAS DO SUL,754.0,-29.198056,-51.186667,"29°11'53""S","051°11'12""W"
RS0010,SBBG,Comandante Gustavo Kraemer,Rio Grande do Sul,BAGÉ,182.0,-31.390833,-54.109722,"31°23'27""S","054°06'35""W"
RS0011,SSTE,Torres,Rio Grande do Sul,TORRES,9.0,-29.415,-49.81,"29°24'54""S","049°48'36""W"
RS0019,SSCN,Canela,Rio Grande do Sul,CANELA,827.0,-29.370556,-50.832222,"29°22'14""S","050°49'56""W"
SC0002,SBNF,Ministro Victor Konder,Santa Catarina,NAVEGANTES,5.0,-26.878611,-48.650833,"26°52'43""S","048°39'03""W"
SC0004,SBJV,Lauro Carneiro de Loyola,Santa Catarina,JOINVILLE,5.0,-26.223056,-48.797778,"26°13'23""S","048°47'52""W"
SC0007,SBLJ,Lages,Santa Catarina,LAGES,934.0,-27.782222,-50.281667,"27°46'56""S","050°16'54""W"
SP0011,SIMK,Tenente Lund Pressoto,São Paulo,FRANCA,1003.0,-20.590278,-47.3825,"20°35'25""S","047°22'57""W"
SP0014,SBML,Frank Miloye Milenkovich,São Paulo,MARÍLIA,650.0,-22.196944,-49.926389,"22°11'49""S","049°55'35""W"
SP0021,SDDR,Dracena,São Paulo,DRACENA,372.0,-21.460556,-51.606944,"21°27'38""S","051°36'25""W"
SC0009,SSIM,Forquilhinha-Criciúma,Santa Catarina,FORQUILHINHA,28.0,-28.725833,-49.424722,"28°43'33""S","049°25'29""W"
SC0010,SSCK,Olavo Cecco Rigon,Santa Catarina,CONCÓRDIA,751.0,-27.180556,-52.051111,"27°10'50""S","052°03'04""W"
SP0001,SBSP,São Paulo/Congonhas - Deputado Freitas Nobre,São Paulo,SÃO PAULO,802.0,-23.626111,-46.656389,"23°37'34""S","046°39'23""W"
SP0006,SBSR,Professor Eribelto Manoel Reino,São Paulo,SÃO JOSÉ DO RIO PRETO,544.0,-20.817222,-49.406944,"20°49'02""S","049°24'25""W"
SP0007,SBMT,Campo de Marte,São Paulo,SÃO PAULO,723.0,-23.509167,-46.6375,"23°30'33""S","046°38'15""W"
SP0008,SBSJ,Professor Urbano Ernesto Stumpf,São Paulo,SÃO JOSÉ DOS CAMPOS,647.0,-23.228889,-45.871111,"23°13'44""S","045°52'16""W"
SP0015,SWXQ,Lins,São Paulo,LINS,480.0,-21.662778,-49.731111,"21°39'46""S","049°43'52""W"
SP0016,SNAX,Marcelo Pires Halzhausen,São Paulo,ASSIS,564.0,-22.638611,-50.455833,"22°38'19""S","050°27'21""W"
SP0017,SBBU,Bauru,São Paulo,BAURU,617.0,-22.345,-49.053889,"22°20'42""S","049°03'14""W"
SP0023,SDOU,Jornalista Benedito Pimentel,São Paulo,OURINHOS,462.0,-22.973611,-49.911389,"22°58'25""S","049°54'41""W"
SP0024,SDPN,Penápolis,São Paulo,PENÁPOLIS,412.0,-21.41,-50.033611,"21°24'36""S","050°02'01""W"
SP0029,SDSC,Mário Pereira Lopes,São Paulo,SÃO CARLOS,807.0,-21.876389,-47.903333,"21°52'35""S","047°54'12""W"
SP0031,SBJD,Comandante Rolim Adolfo Amaro,São Paulo,JUNDIAÍ,753.0,-23.181667,-46.943611,"23°10'54""S","046°56'37""W"
SP0034,SDLP,Municipal José Boso,São Paulo,LENÇÓIS PAULISTA,621.0,-22.578333,-48.774444,"22°34'42""S","048°46'28""W"
SP0036,SBBP,Estadual Arthur Siqueira,São Paulo,BRAGANÇA PAULISTA,893.0,-22.978889,-46.537222,"22°58'44""S","046°32'14""W"
SP0037,SDAM,Estadual de Campos Dos Amarais - Prefeito Francisco Amaral,São Paulo,CAMPINAS,612.0,-22.859167,-47.108056,"22°51'33""S","047°06'29""W"
SP0041,SDPW,Pedro Morganti,São Paulo,PIRACICABA,584.0,-22.711944,-47.618056,"22°42'43""S","047°37'05""W"
SP0061,SDNO,Nelson Garófalo,São Paulo,SÃO MANUEL,734.0,-22.696111,-48.576111,"22°41'46""S","048°34'34""W"
TO0002,SWGN,Araguaína,Tocantins,ARAGUAÍNA,236.0,-7.2283333,-48.240833,"07°13'42""S","048°14'27""W"
TO0004,SWGI,Gurupi,Tocantins,GURUPI,350.0,-11.739444,-49.133333,"11°44'22""S","049°08'00""W"
MG0013,SNPY,São Sebastião do Paraíso,Minas Gerais,SÃO SEBASTIÃO DO PARAÍSO,950.0,-20.948333,-46.983056,"20°56'54""S","046°58'59""W"
SC0181,SNCP,Aeroporto Ricardo Sell Wagner - Regional da Serra Catarinense,Santa Catarina,CORREIA PINTO,880.0,-27.634167,-50.358333,"27°38'03""S","050°21'30""W"
SC0016,SSKU,Lauro Antônio da Costa,Santa Catarina,CURITIBANOS,978.0,-27.287222,-50.603889,"27°17'14""S","050°36'14""W"
CE0011,SNWC,Camocim,Ceará,CAMOCIM,14.0,-2.8958333,-40.858889,"02°53'45""S","040°51'32""W"
MG0063,SNFU,Frutal,Minas Gerais,FRUTAL,549.0,-20.004722,-48.958889,"20°00'17""S","048°57'32""W"
GO0009,SWLC,General Leite de Castro,Goiás,RIO VERDE,751.0,-17.834722,-50.956111,"17°50'05""S","050°57'22""W"
GO0001,SBGO,Santa Genoveva,Goiás,GOIÂNIA,747.0,-16.6325,-49.221111,"16°37'57""S","049°13'16""W"
PR0014,SSAP,Capitão João Busse,Paraná,APUCARANA,800.0,-23.612222,-51.385,"23°36'44""S","051°23'06""W"
SC0015,SSOE,Hélio Wasum,Santa Catarina,DESCANSO,665.0,-26.781111,-53.503333,"26°46'52""S","053°30'12""W"
PR0017,SSKM,Campo Mourão,Paraná,CAMPO MOURÃO,574.0,-24.0025,-52.356944,"24°00'09""S","052°21'25""W"
RO0006,SBGM,Guajará-Mirim,Rondônia,GUAJARÁ-MIRIM,146.0,-10.788333,-65.281667,"10°47'18""S","065°16'54""W"
GO0004,SWNS,Anápolis,Goiás,ANÁPOLIS,1112.0,-16.3625,-48.928056,"16°21'45""S","048°55'41""W"
PE0002,SBPL,Aeroporto Internacional Senador Nilo Coelho,Pernambuco,PETROLINA,384.0,-9.3675,-40.563611,"09°22'03""S","040°33'49""W"
RS0008,SBNM,Santo Ângelo,Rio Grande do Sul,SANTO ÂNGELO,322.0,-28.281667,-54.168333,"28°16'54""S","054°10'06""W"
RJ0028,SBFS,Farol de São Tomé,Rio de Janeiro,CAMPOS DOS GOYTACAZES,2.0,-22.030556,-41.068611,"22°01'50""S","041°04'07""W"
SP0003,SBKP,Viracopos,São Paulo,CAMPINAS,661.0,-23.006944,-47.134444,"23°00'25""S","047°08'04""W"
RS0013,SJRG,Regional de Rio Grande,Rio Grande do Sul,RIO GRANDE,6.0,-32.083611,-52.167778,"32°05'01""S","052°10'04""W"
AL0003,SNAL,Arapiraca,Alagoas,ARAPIRACA,270.0,-9.7763889,-36.630556,"09°46'35""S","036°37'50""W"
GO0010,SWPZ,Ouriçanga de Abreu,Goiás,POSSE,841.0,-14.118056,-46.345278,"14°07'05""S","046°20'43""W"
AC0002,SBCZ,Cruzeiro do Sul,Acre,CRUZEIRO DO SUL,194.0,-7.5994444,-72.769444,"07°35'58""S","072°46'10""W"
RS0027,SSZR,Luis Alberto Lehr,Rio Grande do Sul,SANTA ROSA,309.0,-27.908889,-54.522222,"27°54'32""S","054°31'20""W"
GO0012,SWWA,Porangatu,Goiás,PORANGATU,366.0,-13.404444,-49.157222,"13°24'16""S","049°09'26""W"
CE0008,SDZG,Pedro Teixeira Castelo Regional Tauá,Ceará,TAUÁ,444.0,-5.9333333,-40.2975,"05°56'00""S","040°17'51""W"
BA0001,SBSV,DEPUTADO LUÍS EDUARDO MAGALHÃES,Bahia,SALVADOR,20.0,-12.908611,-38.3225,"12°54'31""S","038°19'21""W"
SC0001,SBFL,Hercílio Luz,Santa Catarina,FLORIANÓPOLIS,5.0,-27.670278,-48.5525,"27°40'13""S","048°33'09""W"
RJ0009,SBMI,Maricá,Rio de Janeiro,MARICÁ,0.0,-22.918056,-42.828889,"22°55'05""S","042°49'44""W"
MG0023,SNGX,Guaxupé,Minas Gerais,GUAXUPÉ,849.0,-21.326667,-46.730278,"21°19'36""S","046°43'49""W"
MG0016,SBJF,Francisco de Assis,Minas Gerais,JUIZ DE FORA,911.0,-21.793056,-43.385556,"21°47'35""S","043°23'08""W"
MG0002,SBUL,Ten Cel Aviador César Bombonato,Minas Gerais,UBERLÂNDIA,943.0,-18.883611,-48.225278,"18°53'01""S","048°13'31""W"
GO0015,SWKT,Catalão,Goiás,CATALÃO,802.0,-18.216944,-47.899444,"18°13'01""S","047°53'58""W"
SP0033,SDIM,Dr. Antonio Ribeiro Nogueira Júnior,São Paulo,ITANHAÉM,3.0,-24.164722,-46.785556,"24°09'53""S","046°47'08""W"
PA0010,SBIH,Itaituba,Pará,ITAITUBA,33.0,-4.2422222,-56.000833,"04°14'32""S","056°00'03""W"
AM0001,SBEG,Eduardo Gomes,Amazonas,MANAUS,80.0,-3.0411111,-60.050556,"03°02'28""S","060°03'02""W"
PR0001,SBCT,Afonso Pena,Paraná,CURITIBA,911.0,-25.531667,-49.176111,"25°31'54""S","049°10'34""W"
PR0002,SBFI,Cataratas,Paraná,FOZ DO IGUAÇU,240.0,-25.600278,-54.485,"25°36'01""S","054°29'06""W"
BA0004,SBIL,Bahia - Jorge Amado,Bahia,ILHÉUS,4.0,-14.815,-39.033333,"14°48'54""S","039°02'00""W"
RO0005,SBJI,Ji-Paraná,Rondônia,JI-PARANÁ,182.0,-10.870556,-61.846667,"10°52'14""S","061°50'48""W"
CE0003,SBJE,Comandante Ariston Pessoa,Ceará,CRUZ,27.0,-2.9066667,-40.358056,"02°54'24""S","040°21'29""W"
MS0006,SBTG,Três Lagoas,Mato Grosso do Sul,TRÊS LAGOAS,323.0,-20.751389,-51.680278,"20°45'05""S","051°40'49""W"
MT0005,SBSO,Regional de Sorriso Adolino Bedin,Mato Grosso,SORRISO,386.0,-12.472778,-55.668889,"12°28'22""S","055°40'08""W"
PR0012,SBPG,Comandante Antônio Amilton Beraldo,Paraná,PONTA GROSSA,788.0,-25.184444,-50.143889,"25°11'04""S","050°08'38""W"
RJ0001,SBGL,RIO DE JANEIRO/GALEÃO – ANTÔNIO CARLOS JOBIM,Rio de Janeiro,RIO DE JANEIRO,9.0,-22.81,-43.250556,"22°48'36""S","043°15'02""W"
SP0002,SBGR,Guarulhos - Governador André Franco Montoro,São Paulo,GUARULHOS,750.0,-23.435556,-46.473056,"23°26'08""S","046°28'23""W"
MG0001,SBCF,Tancredo Neves,Minas Gerais,CONFINS,829.0,-19.624444,-43.971944,"19°37'28""S","043°58'19""W"
SP1176,SBJH,São Paulo Catarina Aeroporto Executivo,São Paulo,SÃO ROQUE,777.0,-23.426944,-47.165833,"23°25'37""S","047°09'57""W"
MT0006,SWHP,Frederico Carlos Müller,Mato Grosso,ÁGUA BOA,450.0,-14.019722,-52.151944,"14°01'11""S","052°09'07""W"
RN0002,SBMS,Dix-Sept Rosado,Rio Grande do Norte,MOSSORÓ,23.0,-5.1958333,-37.361667,"05°11'45""S","037°21'42""W"
PE0001,SBRF,AEROPORTO INTERNACIONAL RECIFE/GUARARAPES - GILBERTO FREYRE,Pernambuco,RECIFE,10.0,-8.1263889,-34.922778,"08°07'35""S","034°55'22""W"
MG0027,SSOL,Padre Israel (Israel Batista de Carvalho),Minas Gerais,LAVRAS,959.0,-21.240556,-44.964167,"21°14'26""S","044°57'51""W"
MS0001,SBCG,Aeroporto Internacional de Campo Grande - Ueze Elias Zahran,Mato Grosso do Sul,CAMPO GRANDE,559.0,-20.469444,-54.670278,"20°28'10""S","054°40'13""W"
RN0001,SBSG,Aeroporto Internacional do Rio Grande do Norte / São Gonçalo do Amarante - Governador Aluizio Alves,Rio Grande do Norte,SÃO GONÇALO DO AMARANTE,83.0,-5.7688889,-35.366389,"05°46'08""S","035°21'59""W"
AL0001,SBMO,Zumbi dos Palmares,Alagoas,MACEIÓ,118.0,-9.5108333,-35.791667,"09°30'39""S","035°47'30""W"
PB0001,SBJP,Presidente Castro Pinto,Paraíba,BAYEUX,66.0,-7.1483333,-34.950278,"07°08'54""S","034°57'01""W"
ES0004,SNCX,Colatina,Espírito Santo,COLATINA,153.0,-19.4875,-40.579444,"19°29'15""S","040°34'46""W"
SP0025,SDTP,José Vicente Faria Lima,São Paulo,TUPÃ,550.0,-21.89,-50.505833,"21°53'24""S","050°30'21""W"
PE0006,SNGN,Garanhuns,Pernambuco,GARANHUNS,759.0,-8.8344444,-36.471389,"08°50'04""S","036°28'17""W"
SP0019,SDBK,José Carlos de Barros Neiva,São Paulo,BOTUCATU,888.0,-22.937778,-48.468056,"22°56'16""S","048°28'05""W"
SP0035,SDJV,Municipal de São João da Boa Vista,,,762.0,-22.017778,-46.840833,"22°01'04""S","046°50'27""W"
SP0047,SDAI,Americana,São Paulo,AMERICANA,611.0,-22.755278,-47.268056,"22°45'19""S","047°16'05""W"
SP0010,SBAE,Bauru/Arealva,São Paulo,BAURU,598.0,-22.157778,-49.068333,"22°09'28""S","049°04'06""W"
CE0002,SBJU,Orlando Bezerra de Menezes,Ceará,JUAZEIRO DO NORTE,409.0,-7.2191667,-39.269444,"07°13'09""S","039°16'10""W"
MT0003,SBAT,PILOTO OSVALDO MARQUES DIAS,Mato Grosso,ALTA FLORESTA,289.0,-9.8663889,-56.105,"09°51'59""S","056°06'18""W"
PR0004,SBMG,Sílvio Name Júnior,Paraná,MARINGÁ,549.0,-23.476389,-52.017778,"23°28'35""S","052°01'04""W"
MT0004,SBRD,Rondonópolis - Maestro Marinho Franco,Mato Grosso,RONDONÓPOLIS,447.0,-16.588056,-54.721667,"16°35'17""S","054°43'18""W"
CE0006,SWBE,Walfrido Salmito de Almeida,Ceará,SÃO BENEDITO,884.0,-4.0427778,-40.893889,"04°02'34""S","040°53'38""W"
MT0001,SBCY,Marechal Rondon,Mato Grosso,CUIABÁ,188.0,-15.65,-56.1175,"15°39'00""S","056°07'03""W"
SP0027,SDCO,Sorocaba,São Paulo,SOROCABA,635.0,-23.477778,-47.49,"23°28'40""S","047°29'24""W"
RO0004,SSKW,Cacoal,Rondônia,CACOAL,249.0,-11.495556,-61.450833,"11°29'44""S","061°27'03""W"
SP0020,SDDN,Paulino Ribeiro de Andrade,São Paulo,ANDRADINA,380.0,-20.925,-51.381944,"20°55'30""S","051°22'55""W"
RS0009,SSKZ,Carazinho,Rio Grande do Sul,CARAZINHO,590.0,-28.321667,-52.816667,"28°19'18""S","052°49'00""W"
MG0030,SNDT,JUSCELINO KUBITSCHEK,Minas Gerais,DIAMANTINA,1356.0,-18.232222,-43.650278,"18°13'56""S","043°39'01""W"
RS0006,SBPF,Lauro Kurtz,Rio Grande do Sul,PASSO FUNDO,725.0,-28.244167,-52.328333,"28°14'39""S","052°19'42""W"
RJ0004,SBME,Macaé,,,2.0,-22.342778,-41.763889,"22°20'34""S","041°45'50""W"
ES0002,SNLN,Municipal de Linhares,Espírito Santo,LINHARES,42.0,-19.355278,-40.071389,"19°21'19""S","040°04'17""W"
MG0034,SNJR,Prefeito Octávio de Almeida Neves,Minas Gerais,SÃO JOÃO DEL REI,945.0,-21.085556,-44.225278,"21°05'08""S","044°13'31""W"
SP0049,SDRK,Rio Claro,São Paulo,RIO CLARO,600.0,-22.431667,-47.5625,"22°25'54""S","047°33'45""W"
PI0001,SBTE,SENADOR PETRÔNIO PORTELLA,Piauí,TERESINA,67.0,-5.0605556,-42.824444,"05°03'38""S","042°49'28""W"
MG0015,SNDV,Brigadeiro Antônio Cabral,Minas Gerais,DIVINÓPOLIS,795.0,-20.181944,-44.87,"20°10'55""S","044°52'12""W"
ES0006,SNKI,AERÓDROMO DE CACHOEIRO DE ITAPEMIRIM,Espírito Santo,CACHOEIRO DE ITAPEMIRIM,78.0,-20.835278,-41.186389,"20°50'07""S","041°11'11""W"
MS0004,SBDB,Aeródromo Público de Bonito,Mato Grosso do Sul,BONITO,334.0,-21.247222,-56.4525,"21°14'50""S","056°27'09""W"
PE0005,SNHS,Santa Magalhães,Pernambuco,SERRA TALHADA,470.0,-8.0613889,-38.328611,"08°03'41""S","038°19'43""W"
PI0003,SNQG,Cangapara,Piauí,FLORIANO,210.0,-6.8461111,-43.078056,"06°50'46""S","043°04'41""W"
MS0003,SSKG,Estância Santa Maria,Mato Grosso do Sul,CAMPO GRANDE,618.0,-20.505556,-54.524722,"20°30'20""S","054°31'29""W"
MG0035,SNVI,Mello Viana,Minas Gerais,TRÊS CORAÇÕES,976.0,-21.789167,-45.268056,"21°47'21""S","045°16'05""W"
SC0018,SSLN,Helmuth Baungartem,Santa Catarina,LONTRAS,334.0,-27.159722,-49.542778,"27°09'35""S","049°32'34""W"
BA0013,SDIY,João Durval Carneiro,Bahia,FEIRA DE SANTANA,238.0,-12.200556,-38.906389,"12°12'02""S","038°54'23""W"
ES0003,SNMX,São Mateus,Espírito Santo,SÃO MATEUS,30.0,-18.721389,-39.833611,"18°43'17""S","039°50'01""W"
RS0018,SSER,Erechim,Rio Grande do Sul,ERECHIM,761.0,-27.663333,-52.271944,"27°39'48""S","052°16'19""W"
RJ0321,SBPW,Porto do Açu,Rio de Janeiro,SÃO JOÃO DA BARRA,5.0,-21.801389,-41.1025,"21°48'05""S","041°06'09""W"
PI0006,SSFL,João Pereira dos Santos Filho,Piauí,FRONTEIRAS,448.0,-7.1,-40.628333,"07°06'00""S","040°37'42""W"
PR0005,SBCA,Aeroporto Regional do Oeste — Cel. Adalberto Mendes da Silva — Cascavel — Paraná,Paraná,CASCAVEL,759.0,-25.002222,-53.501944,"25°00'08""S","053°30'07""W"
PR0006,SBBI,Bacacheri,Paraná,CURITIBA,931.0,-25.403333,-49.233611,"25°24'12""S","049°14'01""W"
GO0018,SNMH,Pirenópolis,Goiás,PIRENÓPOLIS,784.0,-15.848611,-48.982778,"15°50'55""S","048°58'58""W"
PE0003,SBFN,Fernando de Noronha,Pernambuco,FERNANDO DE NORONHA,58.0,-3.8547222,-32.428333,"03°51'17""S","032°25'42""W"
SP0026,SDVG,Domingos Pignatari,São Paulo,VOTUPORANGA,511.0,-20.457222,-50.0025,"20°27'26""S","050°00'09""W"
MG0033,SNAR,Cirilo Queiróz,Minas Gerais,ALMENARA,195.0,-16.165833,-40.684167,"16°09'57""S","040°41'03""W"
MG0010,SNPD,Patos de Minas,Minas Gerais,PATOS DE MINAS,851.0,-18.672222,-46.491389,"18°40'20""S","046°29'29""W"
BA0007,SBUF,Paulo Afonso,Bahia,PAULO AFONSO,269.0,-9.4011111,-38.251111,"09°24'04""S","038°15'04""W"
PA0007,SBTU,Tucuruí,Pará,TUCURUÍ,253.0,-3.7769444,-49.719722,"03°46'37""S","049°43'11""W"
CE0164,SN6L,Dr. Luciano de Arruda Coelho,Ceará,SOBRAL,91.0,-3.6147222,-40.232222,"03°36'53""S","040°13'56""W"
RS0001,SBPA,Salgado Filho,Rio Grande do Sul,PORTO ALEGRE,9.0,-29.994722,-51.171111,"29°59'41""S","051°10'16""W"
RR0001,SBBV,Atlas Brasil Cantanhede,Roraima,BOA VISTA,84.0,2.84138889,-60.692222,"02°50'29""N","060°41'32""W"
SP0009,SBAU,Araçatuba,São Paulo,ARAÇATUBA,415.0,-21.144167,-50.426389,"21°08'39""S","050°25'35""W"
GO0006,SJQN,Quirinópolis,Goiás,QUIRINÓPOLIS,586.0,-18.446111,-50.409167,"18°26'46""S","050°24'33""W"
AM0005,SBTT,Tabatinga,Amazonas,TABATINGA,80.0,-4.2505556,-69.937778,"04°15'02""S","069°56'16""W"
SP0012,SBAQ,Bartolomeu de Gusmão,São Paulo,ARARAQUARA,711.0,-21.811944,-48.133056,"21°48'43""S","048°07'59""W"
SP0004,SBRP,Leite Lopes,São Paulo,RIBEIRÃO PRETO,550.0,-21.136389,-47.776667,"21°08'11""S","047°46'36""W"
AM0004,SBTF,Prefeito Orlando Marinho,Amazonas,TEFÉ,57.0,-3.3802778,-64.725278,"03°22'49""S","064°43'31""W"
MT0023,SWPY,Primavera do Leste,Mato Grosso,PRIMAVERA DO LESTE,655.0,-15.5625,-54.330556,"15°33'45""S","054°19'50""W"
GO0019,SWIQ,Aeroporto Municipal José Caires de Oliveira,Goiás,MINAÇU,427.0,-13.549167,-48.195556,"13°32'57""S","048°11'44""W"
SC0006,SBCD,Prefeito Dr. Carlos Alberto da Costa Neves,Santa Catarina,CAÇADOR,1029.0,-26.788056,-50.94,"26°47'17""S","050°56'24""W"
GO0003,SBCN,Nelson Rodrigues Guimarães,Goiás,CALDAS NOVAS,703.0,-17.725,-48.606389,"17°43'30""S","048°36'23""W"
RO0003,SBVH,Vilhena,Rondônia,VILHENA,615.0,-12.694444,-60.098333,"12°41'40""S","060°05'54""W"
SC0017,SSXX,Municipal João Winckler,Santa Catarina,XANXERÊ,910.0,-26.875,-52.372778,"26°52'30""S","052°22'22""W"
SC0005,SBJA,Regional Sul,Santa Catarina,JAGUARUNA,35.0,-28.675278,-49.059444,"28°40'31""S","049°03'34""W"
PI0004,SWKQ,Serra da Capivara/São Raimundo Nonato,Piauí,SÃO RAIMUNDO NONATO,415.0,-9.0833333,-42.644722,"09°05'00""S","042°38'41""W"
RS0046,SSNG,HELIO ALVES DE OLIVEIRA,Rio Grande do Sul,MONTENEGRO,24.0,-29.719722,-51.488889,"29°43'11""S","051°29'20""W"
MG0003,SBBH,Pampulha - Carlos Drummond de Andrade,Minas Gerais,BELO HORIZONTE,789.0,-19.851944,-43.950556,"19°51'07""S","043°57'02""W"
CE0007,SNIG,Iguatu,Ceará,IGUATU,215.0,-6.3466667,-39.294444,"06°20'48""S","039°17'40""W"
SC0003,SBCH,Serafin Enoss Bertaso,Santa Catarina,CHAPECÓ,654.0,-27.133889,-52.658889,"27°08'02""S","052°39'32""W"
SP0005,SBDN,Presidente Prudente,São Paulo,PRESIDENTE PRUDENTE,452.0,-22.175,-51.424444,"22°10'30""S","051°25'28""W"
RS0003,SBSM,Santa Maria,Rio Grande do Sul,SANTA MARIA,88.0,-29.710833,-53.692222,"29°42'39""S","053°41'32""W"
MG0007,SBIP,Usiminas,Minas Gerais,SANTANA DO PARAÍSO,240.0,-19.470556,-42.488056,"19°28'14""S","042°29'17""W"
MG0012,SNFE,Comandante Paschoal Patrocínio Filho,Minas Gerais,ALFENAS,881.0,-21.431389,-45.932222,"21°25'53""S","045°55'56""W"
MG0006,SBZM,Presidente Itamar Franco,Minas Gerais,GOIANÁ,412.0,-21.513056,-43.173056,"21°30'47""S","043°10'23""W"
SC0014,SSJA,Santa Terezinha,Santa Catarina,JOAÇABA,782.0,-27.171389,-51.553333,"27°10'17""S","051°33'12""W"
MS0009,SBCR,Corumbá,,,141.0,-19.011944,-57.671389,"19°00'43""S","057°40'17""W"
MG0009,SBUR,Mario de Almeida Franco,Minas Gerais,UBERABA,809.0,-19.764722,-47.966111,"19°45'53""S","047°57'58""W"
BA0251,SN3Y,Novo Aeroporto de Bom Jesus da Lapa,Bahia,BOM JESUS DA LAPA,443.0,-13.2725,-43.314722,"13°16'21""S","043°18'53""W"
PI0009,SNPC,Picos,Piauí,PICOS,335.0,-7.0613889,-41.525833,"07°03'41""S","041°31'33""W"
MG0025,SNXB,Caxambu,Minas Gerais,CAXAMBU,874.0,-21.9175,-44.969444,"21°55'03""S","044°58'10""W"
AP0002,SBOI,Oiapoque,Amapá,OIAPOQUE,16.0,3.85416667,-51.797222,"03°51'15""N","051°47'50""W"
GO0013,SWWU,Uruaçu,Goiás,URUAÇU,520.0,-14.544722,-49.091111,"14°32'41""S","049°05'28""W"
PB0006,SNQD,Sousa,Paraíba,SOUSA,227.0,-6.7855556,-38.233889,"06°47'08""S","038°14'02""W"
PI0002,SBPB,Prefeito Doutor João Silva Filho,Piauí,PARNAÍBA,7.0,-2.8933333,-41.730278,"02°53'36""S","041°43'49""W"
GO0008,SWJW,Jataí,Goiás,JATAÍ,771.0,-17.83,-51.775278,"17°49'48""S","051°46'31""W"
MG0038,SNZA,Pouso Alegre,Minas Gerais,POUSO ALEGRE,885.0,-22.288889,-45.919444,"22°17'20""S","045°55'10""W"
SC0011,SSVI,Ângelo Ponzoni,Santa Catarina,VIDEIRA,843.0,-26.999722,-51.141389,"26°59'59""S","051°08'29""W"
GO0002,SBNV,Aeródromo Nacional de Aviação,Goiás,GOIÂNIA,824.0,-16.625556,-49.349444,"16°37'32""S","049°20'58""W"
PE0009,SNAB,Araripina,Pernambuco,ARARIPINA,740.0,-7.5863889,-40.535278,"07°35'11""S","040°32'07""W"
RS0052,SSKK,Capão da Canoa,Rio Grande do Sul,CAPÃO DA CANOA,10.0,-29.763611,-50.036944,"29°45'49""S","050°02'13""W"
PR0010,SSPI,Edu Chaves,Paraná,PARANAVAÍ,474.0,-23.09,-52.488611,"23°05'24""S","052°29'19""W"
SP0076,SBGW,Guaratinguetá,São Paulo,GUARATINGUETÁ,537.0,-22.791667,-45.204444,"22°47'30""S","045°12'16""W"
MS0012,SSCI,Coxim,Mato Grosso do Sul,COXIM,294.0,-18.481389,-54.715833,"18°28'53""S","054°42'57""W"
MT0014,SWXM,Regional Orlando Villas Boas,Mato Grosso,MATUPÁ,270.0,-10.17,-54.953889,"10°10'12""S","054°57'14""W"
MS0020,SSMJ,Maracaju,Mato Grosso do Sul,MARACAJU,390.0,-21.633889,-55.145,"21°38'02""S","055°08'42""W"
MT0009,SWBG,André Antônio Maggi,Mato Grosso,PONTES E LACERDA,247.0,-15.193333,-59.385278,"15°11'36""S","059°23'07""W"
RS0045,SSIQ,Itaqui,Rio Grande do Sul,ITAQUI,84.0,-29.171944,-56.538333,"29°10'19""S","056°32'18""W"
AM0010,SWKO,Coari,Amazonas,COARI,40.0,-4.1341667,-63.1325,"04°08'03""S","063°07'57""W"
MG0041,SNNU,Nanuque,Minas Gerais,NANUQUE,200.0,-17.823056,-40.329722,"17°49'23""S","040°19'47""W"
MG0454,SJO7,Municipal Elber Pereira,Minas Gerais,IPANEMA,252.0,-19.832222,-41.696111,"19°49'56""S","041°41'46""W"
BA0047,SNJK,Jequié,Bahia,JEQUIÉ,197.0,-13.877778,-40.071389,"13°52'40""S","040°04'17""W"
PB0012,SIBU,JERÔNIMO SÉRGIO ROSADO MAIA,Paraíba,CATOLÉ DO ROCHA,272.0,-6.3625,-37.755278,"06°21'45""S","037°45'19""W"
PR0015,SSCP,Francisco Lacerda Júnior,Paraná,CORNÉLIO PROCÓPIO,567.0,-23.1525,-50.6025,"23°09'09""S","050°36'09""W"
SP0050,SDTF,Tatuí,São Paulo,TATUÍ,635.0,-23.331944,-47.88,"23°19'55""S","047°52'48""W"
RS0040,SSAE,Arroio Grande,Rio Grande do Sul,ARROIO GRANDE,49.0,-32.229167,-53.055833,"32°13'45""S","053°03'21""W"
RO0008,SJOG,Ariquemes,Rondônia,ARIQUEMES,142.0,-9.8805556,-63.047222,"09°52'50""S","063°02'50""W"
RS0020,SSGA,Garibaldi,Rio Grande do Sul,GARIBALDI,680.0,-29.268333,-51.532222,"29°16'06""S","051°31'56""W"
TO0003,SDPE,Porto Nacional,Tocantins,PORTO NACIONAL,270.0,-10.718056,-48.398889,"10°43'05""S","048°23'56""W"
MA0004,SNYE,Pinheiro,Maranhão,PINHEIRO,20.0,-2.4775,-45.105,"02°28'39""S","045°06'18""W"
MG0078,SNNE,Sebastião Carlos Leite,Minas Gerais,SÃO JOÃO NEPOMUCENO,403.0,-21.542222,-43.021111,"21°32'32""S","043°01'16""W"
BA0253,SJO9,Senhor do Bonfim,Bahia,SENHOR DO BONFIM,466.0,-10.518611,-40.081944,"10°31'07""S","040°04'55""W"
MG0056,SNCT,Caratinga,Minas Gerais,UBAPORANGA,599.0,-19.725278,-42.112222,"19°43'31""S","042°06'44""W"
MG0037,SNLO,São Lourenço,Minas Gerais,SÃO LOURENÇO,875.0,-22.090833,-45.044444,"22°05'27""S","045°02'40""W"
RS0014,SSSB,São Borja,Rio Grande do Sul,SÃO BORJA,80.0,-28.654722,-56.034722,"28°39'17""S","056°02'05""W"
BA0054,SDFX,Casa Nova,Bahia,CASA NOVA,405.0,-9.1575,-40.9375,"09°09'27""S","040°56'15""W"
RS0034,SSRU,São Lourenço do Sul,Rio Grande do Sul,SÃO LOURENÇO DO SUL,27.0,-31.384722,-52.0325,"31°23'05""S","052°01'57""W"
RS0031,SSEP,São Sepé,Rio Grande do Sul,SÃO SEPÉ,153.0,-30.182222,-53.579444,"30°10'56""S","053°34'46""W"
RS0032,SSIJ,Ijuí,Rio Grande do Sul,IJUÍ,365.0,-28.368611,-53.846389,"28°22'07""S","053°50'47""W"
BA0045,SNIB,Itaberaba,Bahia,ITABERABA,283.0,-12.499722,-40.270278,"12°29'59""S","040°16'13""W"
PA0002,SBSN,Maestro Wilson Fonseca,Pará,SANTARÉM,60.0,-2.4247222,-54.785833,"02°25'29""S","054°47'09""W"
MG0017,SNMK,Mocambinho,Minas Gerais,JAÍBA,450.0,-15.093056,-43.979167,"15°05'35""S","043°58'45""W"
MT0015,SWDM,Diamantino,Mato Grosso,DIAMANTINO,469.0,-14.376667,-56.400556,"14°22'36""S","056°24'02""W"
BA0031,SNMJ,Maracás,Bahia,MARACÁS,962.0,-13.386111,-40.466111,"13°23'10""S","040°27'58""W"
AM0009,SWEI,Eirunepé,Amazonas,EIRUNEPÉ,127.0,-6.6394444,-69.879722,"06°38'22""S","069°52'47""W"
AM0007,SWCA,Carauari,Amazonas,CARAUARI,108.0,-4.8713889,-66.8975,"04°52'17""S","066°53'51""W"
BA0053,SNTQ,Buritirama,Bahia,BURITIRAMA,499.0,-10.721667,-43.653611,"10°43'18""S","043°39'13""W"
SP0038,SDIG,Ibitinga,São Paulo,IBITINGA,542.0,-21.747222,-48.855833,"21°44'50""S","048°51'21""W"
BA0046,SNIT,Ibotirama,Bahia,IBOTIRAMA,422.0,-12.168333,-43.2225,"12°10'06""S","043°13'21""W"
MT0017,SWKC,Cáceres,Mato Grosso,CÁCERES,151.0,-16.0425,-57.63,"16°02'33""S","057°37'48""W"
PR0031,SSLO,Attillio Accorsi,Paraná,LOANDA,470.0,-22.917778,-53.149722,"22°55'04""S","053°08'59""W"
CE0005,SNWS,Crateús,Ceará,CRATEÚS,318.0,-5.2111111,-40.704167,"05°12'40""S","040°42'15""W"
BA0034,SSRF,Castro Alves,Bahia,CASTRO ALVES,261.0,-12.767778,-39.444722,"12°46'04""S","039°26'41""W"
AM0012,SBIC,Itacoatiara,Amazonas,ITACOATIARA,43.0,-3.1263889,-58.481667,"03°07'35""S","058°28'54""W"
GO0014,SWFR,Formosa,Goiás,FORMOSA,973.0,-15.556111,-47.344722,"15°33'22""S","047°20'41""W"
MA0009,SNRX,Riachão,Maranhão,RIACHÃO,400.0,-7.3463889,-46.6275,"07°20'47""S","046°37'39""W"
SP0057,SDJO,São Joaquim da Barra,São Paulo,SÃO JOAQUIM DA BARRA,650.0,-20.593333,-47.842222,"20°35'36""S","047°50'32""W"
MG0029,SNSS,Salinas,Minas Gerais,SALINAS,763.0,-16.208333,-42.321944,"16°12'30""S","042°19'19""W"
PA0014,SNOX,Oriximiná,Pará,ORIXIMINÁ,80.0,-1.7136111,-55.835833,"01°42'49""S","055°50'09""W"
SP0060,SDNH,Novo Horizonte,São Paulo,NOVO HORIZONTE,465.0,-21.497778,-49.234444,"21°29'52""S","049°14'04""W"
SC0013,SSTB,Três Barras,Santa Catarina,TRÊS BARRAS,789.0,-26.135278,-50.310556,"26°08'07""S","050°18'38""W"
BA0056,SNSE,Sento Sé,Bahia,SENTO SÉ,398.0,-9.7575,-41.855,"09°45'27""S","041°51'18""W"
SP0051,SDCA,Capão Bonito,São Paulo,CAPÃO BONITO,714.0,-24.033611,-48.356944,"24°02'01""S","048°21'25""W"
MT0012,SWTS,Tangará da Serra,Mato Grosso,TANGARÁ DA SERRA,449.0,-14.661944,-57.443889,"14°39'43""S","057°26'38""W"
TO0001,SBPJ,Brigadeiro Lysias Rodrigues,Tocantins,PALMAS,236.0,-10.29,-48.357778,"10°17'24""S","048°21'28""W"
DF0001,SBBR,Presidente Juscelino Kubitschek,Distrito Federal,BRASÍLIA,1066.0,-15.871111,-47.918611,"15°52'16""S","047°55'07""W"
AM0023,SWYN,Apuí,Amazonas,APUÍ,60.0,-7.1722222,-59.838889,"07°10'20""S","059°50'20""W"
PE0008,SNSG,Salgueiro,Pernambuco,SALGUEIRO,469.0,-8.0466667,-39.133889,"08°02'48""S","039°08'02""W"
PR0023,SSGY,Guaíra,Paraná,GUAÍRA,271.0,-24.079722,-54.188056,"24°04'47""S","054°11'17""W"
PA0015,SNVS,Breves,Pará,BREVES,30.0,-1.6363889,-50.443333,"01°38'11""S","050°26'36""W"
RS0029,SSSC,Santa Cruz do Sul,Rio Grande do Sul,SANTA CRUZ DO SUL,199.0,-29.684167,-52.412222,"29°41'03""S","052°24'44""W"
AC0004,SBTK,Tarauacá,Acre,TARAUACÁ,192.0,-8.1552778,-70.783056,"08°09'19""S","070°46'59""W"
MS0013,SSPM,Porto Murtinho,Mato Grosso do Sul,PORTO MURTINHO,132.0,-21.712778,-57.879167,"21°42'46""S","057°52'45""W"
MA0005,SNBI,Bacabal,Maranhão,BACABAL,21.0,-4.2280556,-44.819722,"04°13'41""S","044°49'11""W"
GO0029,SWPR,Pires do Rio,Goiás,PIRES DO RIO,781.0,-17.318889,-48.335278,"17°19'08""S","048°20'07""W"
MG0044,SNQV,Curvelo,Minas Gerais,CURVELO,672.0,-18.749444,-44.458056,"18°44'58""S","044°27'29""W"
SP0059,SDMH,Mirassol,São Paulo,MIRASSOL,584.0,-20.807222,-49.486111,"20°48'26""S","049°29'10""W"
MG0042,SNPJ,Patrocínio,Minas Gerais,PATROCÍNIO,985.0,-18.909167,-46.982778,"18°54'33""S","046°58'58""W"
SP0040,SDPV,Presidente Venceslau,São Paulo,PRESIDENTE VENCESLAU,445.0,-21.893333,-51.884444,"21°53'36""S","051°53'04""W"
GO0030,SJVO,Aragarças,Goiás,ARAGARÇAS,323.0,-15.899444,-52.240833,"15°53'58""S","052°14'27""W"
RS0023,SSNH,Novo Hamburgo,Rio Grande do Sul,NOVO HAMBURGO,15.0,-29.699167,-51.081944,"29°41'57""S","051°04'55""W"
MA0007,SJBY,João Silva,Maranhão,SANTA INÊS,21.0,-3.6544444,-45.345278,"03°39'16""S","045°20'43""W"
RS0017,SSSD,Soledade,Rio Grande do Sul,SOLEDADE,673.0,-28.863333,-52.540556,"28°51'48""S","052°32'26""W"
RJ0011,SDTK,Paraty,Rio de Janeiro,PARATY,3.0,-23.223889,-44.723333,"23°13'26""S","044°43'24""W"
RJ0007,SDRS,Resende,,,402.0,-22.478611,-44.481667,"22°28'43""S","044°28'54""W"
BA0061,SSQP,Monte Santo,Bahia,MONTE SANTO,442.0,-10.465278,-39.286111,"10°27'55""S","039°17'10""W"
MG0070,SNKD,Conceição do Mato Dentro,Minas Gerais,CONCEIÇÃO DO MATO DENTRO,668.0,-19.018611,-43.435278,"19°01'07""S","043°26'07""W"
PI0008,SNOE,Oeiras,Piauí,OEIRAS,266.0,-7.0183333,-42.167222,"07°01'06""S","042°10'02""W"
RS0021,SSLG,São Luiz Gonzaga,Rio Grande do Sul,SÃO LUIZ GONZAGA,200.0,-28.376389,-55.0375,"28°22'35""S","055°02'15""W"
TO0006,SWDN,Dianópolis,Tocantins,DIANÓPOLIS,736.0,-11.595278,-46.847778,"11°35'43""S","046°50'52""W"
BA0062,SNJB,Jacobina,Bahia,JACOBINA,489.0,-11.163056,-40.553333,"11°09'47""S","040°33'12""W"
MS0018,SSCL,Cassilândia,Mato Grosso do Sul,CASSILÂNDIA,481.0,-19.146944,-51.676389,"19°08'49""S","051°40'35""W"
MG0048,SNTO,Juscelino Kubitscheck,Minas Gerais,TEÓFILO OTONI,480.0,-17.890833,-41.515,"17°53'27""S","041°30'54""W"
MT0016,SWVC,Vila Rica,Mato Grosso,VILA RICA,254.0,-9.9811111,-51.140556,"09°58'52""S","051°08'26""W"
AM0020,SWMW,Maués,Amazonas,MAUÉS,21.0,-3.3719444,-57.724722,"03°22'19""S","057°43'29""W"
MG0073,SNPU,COMANDANTE VIRGILIO BORIM,Minas Gerais,PARAGUAÇU,898.0,-21.561389,-45.754722,"21°33'41""S","045°45'17""W"
GO0028,SJ4Y,Morrinhos,Goiás,MORRINHOS,803.0,-17.761667,-49.121667,"17°45'42""S","049°07'18""W"
MG0311,SJXI,Santa Rita do Sapucaí,Minas Gerais,SANTA RITA DO SAPUCAÍ,882.0,-22.272778,-45.64,"22°16'22""S","045°38'24""W"
MT0018,SIZX,Juara Sul,Mato Grosso,JUARA,302.0,-11.296667,-57.548889,"11°17'48""S","057°32'56""W"
MG0020,SNAG,Araguari,Minas Gerais,ARAGUARI,947.0,-18.668056,-48.190278,"18°40'05""S","048°11'25""W"
PR0024,SSAB,Moisés Lupion,Paraná,IBAITI,636.0,-23.762778,-50.263056,"23°45'46""S","050°15'47""W"
BA0025,SDKJ,Formosa do Rio Preto,Bahia,FORMOSA DO RIO PRETO,511.0,-11.021111,-45.187222,"11°01'16""S","045°11'14""W"
MG0049,SNRZ,Oliveira,Minas Gerais,OLIVEIRA,1015.0,-20.714444,-44.865278,"20°42'52""S","044°51'55""W"
SP0070,SDVE,Vera Cruz,São Paulo,VERA CRUZ,640.0,-22.230278,-49.816944,"22°13'49""S","049°49'01""W"
SP0073,SDTI,Tupi Paulista,São Paulo,TUPI PAULISTA,365.0,-21.393056,-51.598889,"21°23'35""S","051°35'56""W"
MG0036,SNJP,João Pinheiro,Minas Gerais,JOÃO PINHEIRO,911.0,-17.7875,-46.120278,"17°47'15""S","046°07'13""W"
PR0036,SSPS,Dimorvan Carraro,Paraná,PALMAS,1100.0,-26.472222,-51.975556,"26°28'20""S","051°58'32""W"
SP0043,SSOI,Pederneiras,São Paulo,PEDERNEIRAS,536.0,-22.307222,-48.773056,"22°18'26""S","048°46'23""W"
MA0006,SNBC,Barra do Corda,Maranhão,BARRA DO CORDA,160.0,-5.5025,-45.216111,"05°30'09""S","045°12'58""W"
RO0001,SBPV,Governador Jorge Teixeira de Oliveira,Rondônia,PORTO VELHO,90.0,-8.7136111,-63.902778,"08°42'49""S","063°54'10""W"
PR0016,SSCR,Balduino Helmuth Jope,Paraná,MARECHAL CÂNDIDO RONDON,421.0,-24.512778,-54.054722,"24°30'46""S","054°03'17""W"
SP0066,SDPY,Pirassununga,São Paulo,PIRASSUNUNGA,683.0,-22.027778,-47.421667,"22°01'40""S","047°25'18""W"
SP0064,SDJC,Jaboticabal,São Paulo,JABOTICABAL,615.0,-21.230833,-48.285556,"21°13'51""S","048°17'08""W"
BA0032,SNQU,Mucugê,Bahia,MUCUGÊ,1055.0,-13.031667,-41.444444,"13°01'54""S","041°26'40""W"
RJ0008,SDUN,Itaperuna,Rio de Janeiro,ITAPERUNA,110.0,-21.219167,-41.875833,"21°13'09""S","041°52'33""W"
SP0054,SDFD,Coronel Aviador Carlos Orleans Guimarães,São Paulo,FERNANDÓPOLIS,499.0,-20.276667,-50.213889,"20°16'36""S","050°12'50""W"
MG0058,SNUB,Ubá,Minas Gerais,UBÁ,317.0,-21.12,-42.883611,"21°07'12""S","042°53'01""W"
MT0047,SDNM,Brigadeiro Eduardo Gomes,Mato Grosso,NOVA MUTUM,430.0,-13.821111,-56.038611,"13°49'16""S","056°02'19""W"
RS0044,SSMT,Mostardas,Rio Grande do Sul,MOSTARDAS,18.0,-31.101111,-50.908056,"31°06'04""S","050°54'29""W"
MG0047,SNYB,Tito Teixeira,Minas Gerais,ITUIUTABA,612.0,-19.001389,-49.487222,"19°00'05""S","049°29'14""W"
PR0034,SSUV,José Cleto,Paraná,UNIÃO DA VITÓRIA,750.0,-26.231944,-51.0675,"26°13'55""S","051°04'03""W"
SP0055,SDGC,Garça,São Paulo,GARÇA,664.0,-22.183611,-49.656111,"22°11'01""S","049°39'22""W"
AM0022,SWTP,SANTA ISABEL DO RIO NEGRO,Amazonas,SANTA ISABEL DO RIO NEGRO,43.0,-0.37861111,-64.993056,"00°22'43""S","064°59'35""W"
CE0010,SNQX,Quixadá,Ceará,QUIXADÁ,225.0,-4.9788889,-38.987778,"04°58'44""S","038°59'16""W"
SP0045,SDAA,Araras,São Paulo,ARARAS,685.0,-22.336944,-47.358333,"22°20'13""S","047°21'30""W"
SP0028,SDRR,Avaré-Arandu,São Paulo,AVARÉ,798.0,-23.092222,-48.987222,"23°05'32""S","048°59'14""W"
AM0019,SWHT,Humaitá,Amazonas,HUMAITÁ,70.0,-7.5347222,-63.072222,"07°32'05""S","063°04'20""W"
SP0013,SNBA,Chafei Amsei,São Paulo,BARRETOS,580.0,-20.585556,-48.595833,"20°35'08""S","048°35'45""W"
RS0004,SNEE,Vacaria Novo,Rio Grande do Sul,VACARIA,914.0,-28.431944,-51.022778,"28°25'55""S","051°01'22""W"
SP0042,SDUQ,Paraguaçu Paulista,São Paulo,PARAGUAÇU PAULISTA,486.0,-22.426944,-50.606944,"22°25'37""S","050°36'25""W"
SC0019,SSBL,Blumenau,Santa Catarina,BLUMENAU,18.0,-26.831667,-49.093611,"26°49'54""S","049°05'37""W"
AM0011,SWNK,Novo Campo,Amazonas,BOCA DO ACRE,120.0,-8.8347222,-67.3125,"08°50'05""S","067°18'45""W"
PR0033,SSSZ,Sertanópolis,Paraná,SERTANÓPOLIS,361.0,-23.061944,-51.013889,"23°03'43""S","051°00'50""W"
MA0010,SNBS,Balsas,Maranhão,BALSAS,284.0,-7.5252778,-46.053333,"07°31'31""S","046°03'12""W"
PR0032,SSAN,João Galdino,Paraná,ANDIRÁ,490.0,-23.027222,-50.226944,"23°01'38""S","050°13'37""W"
MG0054,SNUH,Piumhi,Minas Gerais,PIUMHI,751.0,-20.438889,-45.992222,"20°26'20""S","045°59'32""W"
AM0013,SWII,Ipiranga,Amazonas,SANTO ANTÔNIO DO IÇÁ,67.0,-2.9402778,-69.694167,"02°56'25""S","069°41'39""W"
MS0016,SSNQ,Nioaque,Mato Grosso do Sul,NIOAQUE,202.0,-21.184444,-55.831111,"21°11'04""S","055°49'52""W"
BA0020,SNIE,Caetité,Bahia,CAETITÉ,976.0,-14.012222,-42.493889,"14°00'44""S","042°29'38""W"
PA0018,SNEB,Nagib Demachki,Pará,PARAGOMINAS,135.0,-3.0197222,-47.316389,"03°01'11""S","047°18'59""W"
PE0004,SNRU,Caruaru,Pernambuco,CARUARU,576.0,-8.2844444,-36.010833,"08°17'04""S","036°00'39""W"
SP0032,SDBY,Bariri,São Paulo,BARIRI,493.0,-22.069167,-48.706389,"22°04'09""S","048°42'23""W"
SP0046,SDAD,Everaldo Moraes Barreto,São Paulo,ADAMANTINA,425.0,-21.696111,-51.096389,"21°41'46""S","051°05'47""W"
BA0002,SBPS,Porto Seguro,Bahia,PORTO SEGURO,51.0,-16.438056,-39.077778,"16°26'17""S","039°04'40""W"
PR0035,SSGB,Municipal de Guaratuba,Paraná,GUARATUBA,15.0,-25.880556,-48.612222,"25°52'50""S","048°36'44""W"
ES0005,SNBG,Baixo Guandu - Aimorés,Espírito Santo,BAIXO GUANDU,80.0,-19.498889,-41.041944,"19°29'56""S","041°02'31""W"
GO0024,SWCZ,Ceres,Goiás,CERES,598.0,-15.343889,-49.604444,"15°20'38""S","049°36'16""W"
SP0030,SSRG,Aeroporto Estadual de Registro,São Paulo,REGISTRO,25.0,-24.531667,-47.840278,"24°31'54""S","047°50'25""W"
AM0003,SBUA,São Gabriel da Cachoeira,Amazonas,SÃO GABRIEL DA CACHOEIRA,76.0,-0.14805556,-66.985833,"00°08'53""S","066°59'09""W"
MG0022,SNAS,Três Marias,Minas Gerais,TRÊS MARIAS,786.0,-18.225,-45.190556,"18°13'30""S","045°11'26""W"
MG0059,SNCZ,Ponte Nova,Minas Gerais,PONTE NOVA,572.0,-20.403056,-42.916667,"20°24'11""S","042°55'00""W"
PR0011,SSPG,Santos Dumont,Paraná,PARANAGUÁ,11.0,-25.540278,-48.531111,"25°32'25""S","048°31'52""W"
MT0013,SWXV,Nova Xavantina,Mato Grosso,NOVA XAVANTINA,308.0,-14.697778,-52.347222,"14°41'52""S","052°20'50""W"
BA0028,SNBX,Barra,Bahia,BARRA,389.0,-11.081111,-43.1475,"11°04'52""S","043°08'51""W"
PR0026,SSMR,Manoel Ribas,Paraná,MANOEL RIBAS,886.0,-24.529444,-51.651667,"24°31'46""S","051°39'06""W"
MG0031,SNCA,Campo Belo,Minas Gerais,CAMPO BELO,970.0,-20.8925,-45.335556,"20°53'33""S","045°20'08""W"
MT0022,SWFX,São Félix do Araguaia,Mato Grosso,SÃO FÉLIX DO ARAGUAIA,199.0,-11.6325,-50.689444,"11°37'57""S","050°41'22""W"
PR0029,SSQC,Siqueira Campos,Paraná,SIQUEIRA CAMPOS,705.0,-23.674722,-49.815556,"23°40'29""S","049°48'56""W"
SP0058,SDKK,Mococa,São Paulo,MOCOCA,651.0,-21.487222,-47.033889,"21°29'14""S","047°02'02""W"
MT0021,SWPK,Poconé,Mato Grosso,POCONÉ,185.0,-16.271667,-56.651111,"16°16'18""S","056°39'04""W"
MG0028,SNPX,Pirapora,Minas Gerais,PIRAPORA,551.0,-17.313889,-44.858611,"17°18'50""S","044°51'31""W"
AM0016,SDCG,Senadora Eunice Michiles,Amazonas,SÃO PAULO DE OLIVENÇA,102.0,-3.4691667,-68.921111,"03°28'09""S","068°55'16""W"
MG0026,SNZR,Pedro Rabelo de Souza,Minas Gerais,PARACATU,730.0,-17.242778,-46.883056,"17°14'34""S","046°52'59""W"
SP0067,SDET,Tietê,São Paulo,TIETÊ,501.0,-23.104722,-47.724444,"23°06'17""S","047°43'28""W"
MG0051,SNBM,Cristiano Ferreira Varella,Minas Gerais,MURIAÉ,270.0,-21.128889,-42.366944,"21°07'44""S","042°22'01""W"
PR0025,SSCT,Engenheiro Gastão de Mesquita Filho,Paraná,CIANORTE,540.0,-23.691667,-52.642222,"23°41'30""S","052°38'32""W"
RS0015,SSST,Santiago,Rio Grande do Sul,SANTIAGO,441.0,-29.215,-54.841667,"29°12'54""S","054°50'30""W"
RS0039,SSKS,Brigadeiro Nero Moura,Rio Grande do Sul,CACHOEIRA DO SUL,77.0,-30.002222,-52.940278,"30°00'08""S","052°56'25""W"
RS0050,SSEZ,Espumoso,Rio Grande do Sul,ESPUMOSO,390.0,-28.738056,-52.855556,"28°44'17""S","052°51'20""W"
RS0012,SBUG,Rubem Berta,Rio Grande do Sul,URUGUAIANA,78.0,-29.783333,-57.036944,"29°47'00""S","057°02'13""W"
SP0018,SDBB,Bebedouro,São Paulo,BEBEDOURO,592.0,-20.900278,-48.473611,"20°54'01""S","048°28'25""W"
MG0069,SWUD,Deputado Oswaldo Tolentino,Minas Gerais,CLÁUDIO,820.0,-20.445833,-44.813056,"20°26'45""S","044°48'47""W"
TO0009,SWTY,Taguatinga,Tocantins,TAGUATINGA,597.0,-12.435,-46.400278,"12°26'06""S","046°24'01""W"
RS0037,SSHZ,Walter Bündchen,Rio Grande do Sul,HORIZONTINA,310.0,-27.638333,-54.338889,"27°38'18""S","054°20'20""W"
GO0011,SWUA,São Miguel do Araguaia,Goiás,SÃO MIGUEL DO ARAGUAIA,384.0,-13.333889,-50.205833,"13°20'02""S","050°12'21""W"
PA0028,SJTS,Terra Santa,Pará,TERRA SANTA,25.0,-2.0727778,-56.488889,"02°04'22""S","056°29'20""W"
RS0024,SSRZ,Dário Brasil Capoano de Oliveira,Rio Grande do Sul,ROSÁRIO DO SUL,102.0,-30.2775,-54.925278,"30°16'39""S","054°55'31""W"
SP0068,SDMO,Monte Alto,São Paulo,MONTE ALTO,750.0,-21.258056,-48.524167,"21°15'29""S","048°31'27""W"
AM0017,SWBC,Barcelos,Amazonas,BARCELOS,34.0,-0.98111111,-62.919444,"00°58'52""S","062°55'10""W"
PB0010,SIBZ,Itaporanga,Paraíba,ITAPORANGA,292.0,-7.3111111,-38.113611,"07°18'40""S","038°06'49""W"
GO0025,SWUZ,Brigadeiro Araripe Macedo,Goiás,LUZIÂNIA,996.0,-16.261667,-47.968611,"16°15'42""S","047°58'07""W"
PA0024,SNYA,Aeródromo Público de Almeirim,Pará,ALMEIRIM,178.0,-1.4791667,-52.578056,"01°28'45""S","052°34'41""W"
MG0055,SNUN,Unaí,Minas Gerais,UNAÍ,600.0,-16.353889,-46.926944,"16°21'14""S","046°55'37""W"
MT0024,SWEK,Canarana,Mato Grosso,CANARANA,398.0,-13.5775,-52.268056,"13°34'39""S","052°16'05""W"
MT0025,SILC,AEROPORTO MUNICIPAL BOM FUTURO,Mato Grosso,LUCAS DO RIO VERDE,414.0,-13.037778,-55.950278,"13°02'16""S","055°57'01""W"
SC0022,SSSS,São Francisco do Sul,Santa Catarina,SÃO FRANCISCO DO SUL,15.0,-26.221111,-48.564444,"26°13'16""S","048°33'52""W"
PR0037,SSGW,Manoel Ribas,Paraná,GOIOERÊ,491.0,-24.219722,-53.043889,"24°13'11""S","053°02'38""W"
MS0002,SSIE,Teruel Ipanema Estância,Mato Grosso do Sul,CAMPO GRANDE,528.0,-20.603889,-54.595278,"20°36'14""S","054°35'43""W"
MT0007,SWJN,Juína,Mato Grosso,JUÍNA,330.0,-11.419444,-58.71,"11°25'10""S","058°42'36""W"
PB0009,SIBY,Lourival Nunes de Farias,Paraíba,MONTEIRO,622.0,-7.8783333,-37.136667,"07°52'42""S","037°08'12""W"
RN0004,SNKN,Currais Novos,Rio Grande do Norte,CURRAIS NOVOS,367.0,-6.2808333,-36.540278,"06°16'51""S","036°32'25""W"
BA0048,SNRD,Prado,Bahia,PRADO,27.0,-17.296944,-39.271944,"17°17'49""S","039°16'19""W"
MT0662,SDH2,Porto Alegre do Norte,Mato Grosso,PORTO ALEGRE DO NORTE,217.0,-10.918056,-51.608889,"10°55'05""S","051°36'32""W"
MS0010,SSPN,Paranaíba,Mato Grosso do Sul,PARANAÍBA,442.0,-19.651111,-51.199444,"19°39'04""S","051°11'58""W"
MG0021,SNAP,Janaúba,Minas Gerais,JANAÚBA,532.0,-15.731944,-43.323056,"15°43'55""S","043°19'23""W"
TO0005,SJGU,Araguatins,Tocantins,ARAGUATINS,125.0,-5.6858333,-48.114167,"05°41'09""S","048°06'51""W"
PA0012,SBTB,Trombetas,Pará,ORIXIMINÁ,51.0,-1.4897222,-56.396944,"01°29'23""S","056°23'49""W"
MS0563,SDK7,Nova Andradina,Mato Grosso do Sul,NOVA ANDRADINA,419.0,-22.1625,-53.330278,"22°09'45""S","053°19'49""W"
RS0042,SSOS,Osório,Rio Grande do Sul,OSÓRIO,17.0,-29.902222,-50.249167,"29°54'08""S","050°14'57""W"
RS0048,SSAK,Carlos Ruhl,Rio Grande do Sul,CRUZ ALTA,481.0,-28.658611,-53.611389,"28°39'31""S","053°36'41""W"
SC0012,SND6,Dionísio Cerqueira,Santa Catarina,DIONÍSIO CERQUEIRA,824.0,-26.288056,-53.630833,"26°17'17""S","053°37'51""W"
PA0013,SNFX,São Félix do Xingu,Pará,SÃO FÉLIX DO XINGU,183.0,-6.6413889,-51.952222,"06°38'29""S","051°57'08""W"
BA0010,SNIO,Cipó,Bahia,CIPÓ,223.0,-11.125278,-38.486944,"11°07'31""S","038°29'13""W"
AM0015,SBMY,Manicoré,Amazonas,MANICORÉ,53.0,-5.8111111,-61.278333,"05°48'40""S","061°16'42""W"
RS0025,SSWS,Caçapava do Sul,Rio Grande do Sul,CAÇAPAVA DO SUL,416.0,-30.549722,-53.458056,"30°32'59""S","053°27'29""W"
RS0002,SSBN,Belém Novo,Rio Grande do Sul,PORTO ALEGRE,5.0,-30.189167,-51.1825,"30°11'21""S","051°10'57""W"
AM0024,SWLB,Lábrea,Amazonas,LÁBREA,74.0,-7.2788889,-64.769444,"07°16'44""S","064°46'10""W"
PA0030,SNDC,Redenção,Pará,REDENÇÃO,207.0,-8.0311111,-49.979722,"08°01'52""S","049°58'47""W"
AM0002,SWFN,Flores,Amazonas,MANAUS,62.0,-3.0727778,-60.021111,"03°04'22""S","060°01'16""W"
BA0018,SNXQ,Xique-Xique,Bahia,XIQUE-XIQUE,427.0,-10.834167,-42.683333,"10°50'03""S","042°41'00""W"
MA0003,SBCI,Brigadeiro Lysias Augusto Rodrigues,Maranhão,CAROLINA,172.0,-7.3205556,-47.458611,"07°19'14""S","047°27'31""W"
MG0053,SNJQ,Jequitinhonha,Minas Gerais,JEQUITINHONHA,234.0,-16.441389,-41.037222,"16°26'29""S","041°02'14""W"
PA0008,SBAA,Conceição do Araguaia,Pará,CONCEIÇÃO DO ARAGUAIA,199.0,-8.3486111,-49.303056,"08°20'55""S","049°18'11""W"
RS0036,SSAQ,Aeroclube de Passo Fundo,Rio Grande do Sul,PASSO FUNDO,600.0,-28.250556,-52.516667,"28°15'02""S","052°31'00""W"
SE0001,SBAR,Santa Maria,Sergipe,ARACAJU,7.0,-10.985278,-37.073333,"10°59'07""S","037°04'24""W"
MG0052,SNPA,Pará de Minas,Minas Gerais,PARÁ DE MINAS,839.0,-19.8425,-44.600833,"19°50'33""S","044°36'03""W"
MG0075,SNMN,Minas Novas,Minas Gerais,MINAS NOVAS,825.0,-17.263889,-42.539167,"17°15'50""S","042°32'21""W"
PA0020,SNMZ,Porto de Moz,Pará,PORTO DE MOZ,16.0,-1.7413889,-52.235833,"01°44'29""S","052°14'09""W"
GO0017,SWNH,Aruanã,Goiás,ARUANÃ,250.0,-14.933056,-51.048333,"14°55'59""S","051°02'54""W"
GO0023,SWCB,Campos Belos,Goiás,CAMPOS BELOS,690.0,-13.006944,-46.710833,"13°00'25""S","046°42'39""W"
MG0057,SNOF,Ouro Fino,Minas Gerais,OURO FINO,857.0,-22.297222,-46.3925,"22°17'50""S","046°23'33""W"
CE0009,SNCS,Campos Sales,Ceará,CAMPOS SALES,615.0,-7.0516667,-40.358333,"07°03'06""S","040°21'30""W"
MS0017,SDXJ,Costa Rica,Mato Grosso do Sul,COSTA RICA,738.0,-18.491389,-53.168333,"18°29'29""S","053°10'06""W"
BA0023,SNED,Sócrates Rezende,Bahia,CANAVIEIRAS,6.0,-15.666389,-38.955278,"15°39'59""S","038°57'19""W"
RO0007,SWCQ,Costa Marques,Rondônia,COSTA MARQUES,169.0,-12.421667,-64.251667,"12°25'18""S","064°15'06""W"
RS0043,SSPL,Palmeira das Missões,Rio Grande do Sul,PALMEIRA DAS MISSÕES,613.0,-27.901667,-53.33,"27°54'06""S","053°19'48""W"
SP0065,SDUB,Estadual Gastão Madeira,São Paulo,UBATUBA,3.0,-23.441389,-45.076111,"23°26'29""S","045°04'34""W"
GO0016,SWNQ,Niquelândia,Goiás,NIQUELÂNDIA,840.0,-14.436389,-48.491944,"14°26'11""S","048°29'31""W"
SP0056,SDIV,Ituverava,São Paulo,ITUVERAVA,623.0,-20.375278,-47.768611,"20°22'31""S","047°46'07""W"
PA0009,SBMD,Monte Dourado,Pará,ALMEIRIM,206.0,-0.88972222,-52.602222,"00°53'23""S","052°36'08""W"
MG0066,SNRP,Rio Paranaíba,Minas Gerais,RIO PARANAÍBA,1145.0,-19.2125,-46.240556,"19°12'45""S","046°14'26""W"
SP0071,SDLY,Armando Natali,São Paulo,MATÃO,635.0,-21.624167,-48.350833,"21°37'27""S","048°21'03""W"
BA0057,SNIP,Itapetinga,Bahia,ITAPETINGA,270.0,-15.244444,-40.277222,"15°14'40""S","040°16'38""W"
PR0013,SSQT,Castro,Paraná,CASTRO,1010.0,-24.8075,-49.959444,"24°48'27""S","049°57'34""W"
RS0035,SSSG,São Gabriel,Rio Grande do Sul,SÃO GABRIEL,145.0,-30.345,-54.267778,"30°20'42""S","054°16'04""W"
MG0050,SNJM,Regional de Santo Amaro de Minas,Minas Gerais,MANHUAÇU,829.0,-20.259722,-42.183889,"20°15'35""S","042°11'02""W"
PR0028,SSPT,Brasílio Marques,Paraná,PALOTINA,373.0,-24.343333,-53.828611,"24°20'36""S","053°49'43""W"
RS0049,SSIR,Ibirubá,Rio Grande do Sul,IBIRUBÁ,457.0,-28.604167,-53.078611,"28°36'15""S","053°04'43""W"
PA0016,SNTI,Óbidos,Pará,ÓBIDOS,100.0,-1.8680556,-55.514444,"01°52'05""S","055°30'52""W"
MG0040,SNLI,Abaeté,Minas Gerais,ABAETÉ,664.0,-19.155833,-45.495,"19°09'21""S","045°29'42""W"
BA0050,SNVD,Santa Maria da Vitória,Bahia,SANTA MARIA DA VITÓRIA,465.0,-13.404722,-44.223056,"13°24'17""S","044°13'23""W"
RS0022,SSLT,Gaudêncio Machado Ramos,Rio Grande do Sul,ALEGRETE,125.0,-29.8125,-55.893333,"29°48'45""S","055°53'36""W"
MT0612,SI68,Gelindo Stefanuto,Mato Grosso,CAMPO NOVO DO PARECIS,593.0,-13.731389,-57.891667,"13°43'53""S","057°53'30""W"
MG0074,SNVC,Viçosa,Minas Gerais,VIÇOSA,659.0,-20.745,-42.841389,"20°44'42""S","042°50'29""W"
SC0020,SND4,Ismael Nunes,Santa Catarina,SÃO JOAQUIM,1426.0,-28.245556,-49.8975,"28°14'44""S","049°53'51""W"
GO0005,SDOV,Mozarlândia,Goiás,MOZARLÂNDIA,328.0,-14.768889,-50.565,"14°46'08""S","050°33'54""W"
PR0030,SSRE,Realeza,Paraná,REALEZA,501.0,-25.801111,-53.513056,"25°48'04""S","053°30'47""W"
MG0060,SNFO,Formiga,Minas Gerais,FORMIGA,1017.0,-20.394722,-45.483056,"20°23'41""S","045°28'59""W"
PI0007,SNGG,Bom Jesus do Gurguéia,Piauí,BOM JESUS,338.0,-9.0594444,-44.369167,"09°03'34""S","044°22'09""W"
TO0007,SJAU,Araguacema,Tocantins,ARAGUACEMA,207.0,-8.8377778,-49.557778,"08°50'16""S","049°33'28""W"
PA0011,SBEK,Jacareacanga,Pará,JACAREACANGA,101.0,-6.2352778,-57.775833,"06°14'07""S","057°46'33""W"
BA0065,SNMR,Maraú,Bahia,MARAÚ,9.0,-14.143333,-39.006667,"14°08'36""S","039°00'24""W"
SP0048,SDLL,Yolanda Penteado,São Paulo,LEME,627.0,-22.225833,-47.380833,"22°13'33""S","047°22'51""W"
MG0045,SNUI,Araçuaí,Minas Gerais,ARAÇUAÍ,328.0,-16.851944,-42.046111,"16°51'07""S","042°02'46""W"
GO0020,SDXF,Alto Paraíso de Goiás,Goiás,ALTO PARAÍSO DE GOIÁS,1339.0,-14.119167,-47.530278,"14°07'09""S","047°31'49""W"
MS0019,SSJI,Jardim,Mato Grosso do Sul,JARDIM,321.0,-21.492778,-56.1525,"21°29'34""S","056°09'09""W"
TO0008,SWTO,Paraíso do Tocantins,Tocantins,PARAÍSO DO TOCANTINS,353.0,-10.173889,-48.932778,"10°10'26""S","048°55'58""W"
SP0044,SSCB,Municipal de Casa Branca,São Paulo,CASA BRANCA,712.0,-21.788056,-47.055556,"21°47'17""S","047°03'20""W"
RS0054,SSEE,Regional do Vale do Taquari,Rio Grande do Sul,LAJEADO,29.0,-29.455,-51.936111,"29°27'18""S","051°56'10""W"
MA0008,SSRS,Barreirinhas,Maranhão,BARREIRINHAS,12.0,-2.7566667,-42.803333,"02°45'24""S","042°48'12""W"
RS0028,SSJK,Júlio de Castilhos,Rio Grande do Sul,TUPANCIRETÃ,498.0,-29.153056,-53.743333,"29°09'11""S","053°44'36""W"
SP0022,SDMJ,Mogi Mirim,São Paulo,MOGI MIRIM,695.0,-22.410833,-46.905556,"22°24'39""S","046°54'20""W"
BA0022,SNRM,Remanso,Bahia,REMANSO,406.0,-9.58,-42.115833,"09°34'48""S","042°06'57""W"
MG0071,SNKF,Das Bandeirinhas,Minas Gerais,CONSELHEIRO LAFAIETE,1057.0,-20.738611,-43.7975,"20°44'19""S","043°47'51""W"
MG0076,SNSI,Santa Maria do Suaçuí,Minas Gerais,SANTA MARIA DO SUAÇUÍ,480.0,-18.198611,-42.466111,"18°11'55""S","042°27'58""W"
SP0072,SDPD,Pindamonhangaba,São Paulo,PINDAMONHANGABA,574.0,-22.943889,-45.431944,"22°56'38""S","045°25'55""W"
SP0052,SDEP,Geraldo Moacir Bordon,São Paulo,PRESIDENTE EPITÁCIO,297.0,-21.775,-52.143611,"21°46'30""S","052°08'37""W"
PA0250,SNSM,Salinópolis,Pará,SALINÓPOLIS,36.0,-0.69638889,-47.336667,"00°41'47""S","047°20'12""W"
PR0007,SSVL,Telêmaco Borba,Paraná,TELÊMACO BORBA,796.0,-24.316389,-50.652222,"24°18'59""S","050°39'08""W"
RS0091,SSBG,Municipal de Bento Gonçalves,Rio Grande do Sul,BENTO GONÇALVES,671.0,-29.1475,-51.540833,"29°08'51""S","051°32'27""W"
RS0030,SSVN,Veranópolis,Rio Grande do Sul,VERANÓPOLIS,676.0,-28.935556,-51.567778,"28°56'08""S","051°34'04""W"
PE0010,SNPQ,Pesqueira,Pernambuco,PESQUEIRA,630.0,-8.3747222,-36.637778,"08°22'29""S","036°38'16""W"
MS0015,SSNB,Ariosto da Riva,Mato Grosso do Sul,NAVIRAÍ,406.0,-23.034167,-54.177778,"23°02'03""S","054°10'40""W"
SP0069,SDTB,Atibaia,São Paulo,ATIBAIA,797.0,-23.128333,-46.574722,"23°07'42""S","046°34'29""W"
BA0067,SBTC,UNA/COMANDATUBA,Bahia,UNA,7.0,-15.353333,-38.997222,"15°21'12""S","038°59'50""W"
MS0796,SD5Q,Inocência,Mato Grosso do Sul,INOCÊNCIA,554.0,-19.760556,-51.896389,"19°45'38""S","051°53'47""W"
PA0027,SDWQ,Alenquer,Pará,ALENQUER,31.0,-1.9169444,-54.722778,"01°55'01""S","054°43'22""W"
AM0014,SWOB,Fonte Boa,Amazonas,FONTE BOA,63.0,-2.5325,-66.083333,"02°31'57""S","066°05'00""W"
MT0010,SWPG,Porto dos Gaúchos,Mato Grosso,PORTO DOS GAÚCHOS,400.0,-11.54,-57.378056,"11°32'24""S","057°22'41""W"
RS0041,SSNP,Ilmo Aloísio Blume,Rio Grande do Sul,NOVA PRATA,698.0,-28.803889,-51.602222,"28°48'14""S","051°36'08""W"
SP0053,SDAE,São Pedro,São Paulo,SÃO PEDRO,566.0,-22.583611,-47.896111,"22°35'01""S","047°53'46""W"
BA0030,SNIU,Ipiaú,Bahia,IPIAÚ,132.0,-14.173333,-39.684167,"14°10'24""S","039°41'03""W"
RJ0010,SDAG,Angra Dos Reis,Rio de Janeiro,ANGRA DOS REIS,3.0,-22.975278,-44.307222,"22°58'31""S","044°18'26""W"
AM0018,SWBR,Borba,Amazonas,BORBA,30.0,-4.4061111,-59.6025,"04°24'22""S","059°36'09""W"
PA0019,SNMA,Monte Alegre,Pará,MONTE ALEGRE,99.0,-1.9966667,-54.071389,"01°59'48""S","054°04'17""W"
